SlNo,State_Code,State,District_Key,District,Confirmed,Active,Recovered,Deceased,Migrated_Other,Delta_Confirmed,Delta_Active,Delta_Recovered,Delta_Deceased,District_Notes,Last_Updated
0,UN,State Unassigned,UN_Unassigned,Unassigned,4600,4600,0,0,0,-370,-370,0,0,,
1,AN,Andaman and Nicobar Islands,AN_Nicobars,Nicobars,0,0,0,0,0,0,0,0,0,,
2,AN,Andaman and Nicobar Islands,AN_North and Middle Andaman,North and Middle Andaman,1,0,1,0,0,0,0,0,0,,
3,AN,Andaman and Nicobar Islands,AN_South Andaman,South Andaman,51,19,32,0,0,0,0,0,0,,
0,AP,Andhra Pradesh,AP_Foreign Evacuees,Foreign Evacuees,416,226,190,0,0,1,-4,5,0,,
4,AP,Andhra Pradesh,AP_Anantapur,Anantapur,2186,927,1247,12,0,87,-24,108,3,,
5,AP,Andhra Pradesh,AP_Chittoor,Chittoor,1324,849,463,12,0,74,72,0,2,,
6,AP,Andhra Pradesh,AP_East Godavari,East Godavari,1607,1155,444,8,0,118,90,28,0,,
7,AP,Andhra Pradesh,AP_Guntur,Guntur,1827,1063,745,19,0,157,125,32,0,,
8,AP,Andhra Pradesh,AP_Krishna,Krishna,1743,1003,671,69,0,62,59,2,1,,
9,AP,Andhra Pradesh,AP_Kurnool,Kurnool,2451,1153,1217,81,0,97,22,70,5,,
0,AP,Andhra Pradesh,AP_Other State,Other State,2179,775,1404,0,0,36,18,18,0,,
10,AP,Andhra Pradesh,AP_Prakasam,Prakasam,700,323,375,2,0,27,-43,70,0,,
11,AP,Andhra Pradesh,AP_S.P.S. Nellore,S.P.S. Nellore,730,342,382,6,0,45,37,8,0,,
12,AP,Andhra Pradesh,AP_Srikakulam,Srikakulam,189,129,54,6,0,96,96,0,0,,
13,AP,Andhra Pradesh,AP_Visakhapatnam,Visakhapatnam,721,337,378,6,0,88,68,19,1,,
14,AP,Andhra Pradesh,AP_Vizianagaram,Vizianagaram,215,149,63,3,0,18,18,0,0,,
15,AP,Andhra Pradesh,AP_West Godavari,West Godavari,1164,811,349,4,0,40,0,40,0,,
16,AP,Andhra Pradesh,AP_Y.S.R. Kadapa,Y.S.R. Kadapa,1245,801,440,4,0,52,36,14,2,,
17,AR,Arunachal Pradesh,AR_Anjaw,Anjaw,4,4,0,0,0,0,0,0,0,,
18,AR,Arunachal Pradesh,AR_Changlang,Changlang,91,54,37,0,0,2,2,0,0,,
19,AR,Arunachal Pradesh,AR_East Kameng,East Kameng,0,0,0,0,0,0,0,0,0,,
20,AR,Arunachal Pradesh,AR_East Siang,East Siang,10,0,10,0,0,0,0,0,0,,
21,AR,Arunachal Pradesh,AR_Kamle,Kamle,0,0,0,0,0,0,0,0,0,,
22,AR,Arunachal Pradesh,AR_Kra Daadi,Kra Daadi,0,0,0,0,0,0,0,0,0,,
23,AR,Arunachal Pradesh,AR_Kurung Kumey,Kurung Kumey,0,0,0,0,0,0,0,0,0,,
24,AR,Arunachal Pradesh,AR_Lepa Rada,Lepa Rada,1,1,0,0,0,0,0,0,0,,
25,AR,Arunachal Pradesh,AR_Lohit,Lohit,4,1,3,0,0,0,0,0,0,,
26,AR,Arunachal Pradesh,AR_Longding,Longding,4,3,1,0,0,0,0,0,0,,
27,AR,Arunachal Pradesh,AR_Lower Dibang Valley,Lower Dibang Valley,3,1,2,0,0,0,0,0,0,,
28,AR,Arunachal Pradesh,AR_Lower Siang,Lower Siang,3,3,0,0,0,0,0,0,0,,
29,AR,Arunachal Pradesh,AR_Lower Subansiri,Lower Subansiri,2,2,0,0,0,2,2,0,0,,
30,AR,Arunachal Pradesh,AR_Namsai,Namsai,15,12,3,0,0,2,2,0,0,,
31,AR,Arunachal Pradesh,AR_Pakke Kessang,Pakke Kessang,1,0,1,0,0,0,0,0,0,,
32,AR,Arunachal Pradesh,AR_Papum Pare,Papum Pare,93,83,10,0,0,3,1,2,0,,
33,AR,Arunachal Pradesh,AR_Shi Yomi,Shi Yomi,0,0,0,0,0,0,0,0,0,,
34,AR,Arunachal Pradesh,AR_Siang,Siang,0,0,0,0,0,0,0,0,0,,
35,AR,Arunachal Pradesh,AR_Tawang,Tawang,2,1,1,0,0,0,0,0,0,,
36,AR,Arunachal Pradesh,AR_Tirap,Tirap,5,3,2,0,0,0,0,0,0,,
37,AR,Arunachal Pradesh,AR_Upper Dibang Valley,Upper Dibang Valley,0,0,0,0,0,0,0,0,0,,
38,AR,Arunachal Pradesh,AR_Upper Siang,Upper Siang,1,0,1,0,0,0,0,0,0,,
39,AR,Arunachal Pradesh,AR_Upper Subansiri,Upper Subansiri,1,1,0,0,0,1,1,0,0,,
40,AR,Arunachal Pradesh,AR_West Kameng,West Kameng,27,20,6,1,0,0,0,0,0,,
41,AR,Arunachal Pradesh,AR_West Siang,West Siang,2,1,1,0,0,0,0,0,0,,
0,AS,Assam,AS_Airport Quarantine,Airport Quarantine,4,4,0,0,0,0,0,0,0,,
42,AS,Assam,AS_Baksa,Baksa,85,85,0,0,0,0,0,0,0,,
43,AS,Assam,AS_Barpeta,Barpeta,150,95,55,0,0,0,0,0,0,,
44,AS,Assam,AS_Biswanath,Biswanath,58,42,16,0,0,0,0,0,0,,
45,AS,Assam,AS_Bongaigaon,Bongaigaon,24,17,7,0,0,0,0,0,0,,
46,AS,Assam,AS_Cachar,Cachar,98,16,82,0,0,0,0,0,0,,
47,AS,Assam,AS_Charaideo,Charaideo,16,16,0,0,0,0,0,0,0,,
48,AS,Assam,AS_Chirang,Chirang,52,52,0,0,0,0,0,0,0,,
49,AS,Assam,AS_Darrang,Darrang,102,102,0,0,0,0,0,0,0,,
50,AS,Assam,AS_Dhemaji,Dhemaji,96,90,6,0,0,0,0,0,0,,
51,AS,Assam,AS_Dhubri,Dhubri,334,329,5,0,0,0,0,0,0,,
52,AS,Assam,AS_Dibrugarh,Dibrugarh,77,72,5,0,0,0,0,0,0,,
53,AS,Assam,AS_Dima Hasao,Dima Hasao,89,80,9,0,0,0,0,0,0,,
54,AS,Assam,AS_Goalpara,Goalpara,57,38,4,0,0,0,0,0,0,,
55,AS,Assam,AS_Golaghat,Golaghat,272,184,88,0,0,0,0,0,0,,
56,AS,Assam,AS_Hailakandi,Hailakandi,78,72,5,1,0,0,0,0,0,,
57,AS,Assam,AS_Hojai,Hojai,267,267,0,0,0,0,0,0,0,,
58,AS,Assam,AS_Jorhat,Jorhat,145,91,54,0,0,0,0,0,0,,
59,AS,Assam,AS_Kamrup,Kamrup,215,194,21,0,0,0,0,0,0,,
60,AS,Assam,AS_Kamrup Metropolitan,Kamrup Metropolitan,3748,3359,383,6,0,552,552,0,0,,
61,AS,Assam,AS_Karbi Anglong,Karbi Anglong,41,34,7,0,0,0,0,0,0,,
62,AS,Assam,AS_Karimganj,Karimganj,106,86,20,0,0,0,0,0,0,,
63,AS,Assam,AS_Kokrajhar,Kokrajhar,86,76,10,0,0,0,0,0,0,,
64,AS,Assam,AS_Lakhimpur,Lakhimpur,85,79,6,0,0,0,0,0,0,,
65,AS,Assam,AS_Majuli,Majuli,21,21,0,0,0,0,0,0,0,,
66,AS,Assam,AS_Morigaon,Morigaon,49,21,28,0,0,0,0,0,0,,
67,AS,Assam,AS_Nagaon,Nagaon,330,305,25,0,0,0,0,0,0,,
68,AS,Assam,AS_Nalbari,Nalbari,28,19,9,0,0,0,0,0,0,,
0,AS,Assam,AS_Other State,Other State,1,0,1,0,0,0,0,0,0,,
69,AS,Assam,AS_Sivasagar,Sivasagar,29,3,26,0,0,0,0,0,0,,
70,AS,Assam,AS_Sonitpur,Sonitpur,122,87,35,0,0,0,0,0,0,,
71,AS,Assam,AS_South Salmara Mankachar,South Salmara Mankachar,7,6,1,0,0,0,0,0,0,,
72,AS,Assam,AS_Tinsukia,Tinsukia,114,108,6,0,0,0,0,0,0,,
73,AS,Assam,AS_Udalguri,Udalguri,105,103,2,0,0,0,0,0,0,,
74,AS,Assam,AS_West Karbi Anglong,West Karbi Anglong,28,28,0,0,0,0,0,0,0,,
75,BR,Bihar,BR_Araria,Araria,138,21,116,1,0,5,5,0,0,,
76,BR,Bihar,BR_Arwal,Arwal,120,23,96,1,0,3,3,0,0,,
77,BR,Bihar,BR_Aurangabad,Aurangabad,287,88,198,1,0,4,4,0,0,,
78,BR,Bihar,BR_Banka,Banka,243,16,227,0,0,3,3,0,0,,
79,BR,Bihar,BR_Begusarai,Begusarai,528,151,373,4,0,52,52,0,0,,
80,BR,Bihar,BR_Bhagalpur,Bhagalpur,590,159,427,4,0,22,-32,52,2,,
81,BR,Bihar,BR_Bhojpur,Bhojpur,276,83,190,3,0,3,-28,31,0,,
82,BR,Bihar,BR_Buxar,Buxar,240,23,217,0,0,8,8,0,0,,
83,BR,Bihar,BR_Darbhanga,Darbhanga,356,87,264,5,0,5,5,0,0,,
101,BR,Bihar,BR_East Champaran,East Champaran,245,39,202,4,0,3,2,1,0,,
84,BR,Bihar,BR_Gaya,Gaya,275,94,178,3,0,9,4,5,0,,
85,BR,Bihar,BR_Gopalganj,Gopalganj,309,61,248,0,0,5,-2,7,0,,
86,BR,Bihar,BR_Jamui,Jamui,104,25,78,1,0,10,10,0,0,,
87,BR,Bihar,BR_Jehanabad,Jehanabad,273,33,237,3,0,16,5,11,0,,
88,BR,Bihar,BR_Kaimur,Kaimur,208,29,178,1,0,0,-31,31,0,,
89,BR,Bihar,BR_Katihar,Katihar,357,104,252,1,0,2,1,1,0,,
90,BR,Bihar,BR_Khagaria,Khagaria,327,31,293,3,0,6,6,0,0,,
91,BR,Bihar,BR_Kishanganj,Kishanganj,200,48,150,2,0,6,3,3,0,,
92,BR,Bihar,BR_Lakhisarai,Lakhisarai,142,15,127,0,0,6,6,0,0,,
93,BR,Bihar,BR_Madhepura,Madhepura,217,57,159,1,0,1,0,1,0,,
94,BR,Bihar,BR_Madhubani,Madhubani,504,128,374,2,0,7,1,6,0,,
95,BR,Bihar,BR_Munger,Munger,408,100,307,1,0,12,8,4,0,,
96,BR,Bihar,BR_Muzaffarpur,Muzaffarpur,489,150,335,4,0,45,29,16,0,,
97,BR,Bihar,BR_Nalanda,Nalanda,369,172,192,5,0,22,15,7,0,,
98,BR,Bihar,BR_Nawada,Nawada,360,81,276,3,0,21,17,4,0,,
100,BR,Bihar,BR_Patna,Patna,1003,469,522,12,0,38,-18,56,0,,
102,BR,Bihar,BR_Purnia,Purnia,310,32,278,0,0,0,-1,1,0,,
103,BR,Bihar,BR_Rohtas,Rohtas,371,41,325,5,0,1,0,1,0,,
104,BR,Bihar,BR_Saharsa,Saharsa,265,98,167,0,0,9,9,0,0,,
105,BR,Bihar,BR_Samastipur,Samastipur,373,74,295,4,0,5,-11,16,0,,
106,BR,Bihar,BR_Saran,Saran,267,71,191,5,0,5,4,1,0,,
107,BR,Bihar,BR_Sheikhpura,Sheikhpura,170,39,131,0,0,3,3,0,0,,
108,BR,Bihar,BR_Sheohar,Sheohar,99,15,83,1,0,3,-2,5,0,,
109,BR,Bihar,BR_Sitamarhi,Sitamarhi,153,24,126,3,0,3,3,0,0,,
110,BR,Bihar,BR_Siwan,Siwan,482,88,392,2,0,10,10,0,0,,
111,BR,Bihar,BR_Supaul,Supaul,275,27,248,0,0,3,-4,7,0,,
112,BR,Bihar,BR_Vaishali,Vaishali,245,101,141,3,0,29,28,1,0,,
99,BR,Bihar,BR_West Champaran,West Champaran,282,108,172,2,0,18,9,9,0,,
113,CH,Chandigarh,CH_Chandigarh,Chandigarh,466,65,395,6,0,7,7,0,0,,
0,CT,Chhattisgarh,CT_Other State,Other State,1,0,1,0,0,0,0,0,0,,
114,CT,Chhattisgarh,CT_Balod,Balod,53,7,46,0,0,0,0,0,0,,
115,CT,Chhattisgarh,CT_Baloda Bazar,Baloda Bazar,245,23,222,0,0,0,0,0,0,,
116,CT,Chhattisgarh,CT_Balrampur,Balrampur,145,22,123,0,0,0,0,0,0,,
117,CT,Chhattisgarh,CT_Bametara,Bametara,71,23,48,0,0,0,0,0,0,,
118,CT,Chhattisgarh,CT_Bastar,Bastar,23,15,7,1,0,0,0,0,0,,
119,CT,Chhattisgarh,CT_Bijapur,Bijapur,2,0,2,0,0,0,-1,1,0,,
120,CT,Chhattisgarh,CT_Bilaspur,Bilaspur,229,51,176,2,0,5,4,1,0,,
121,CT,Chhattisgarh,CT_Dakshin Bastar Dantewada,Dakshin Bastar Dantewada,26,18,8,0,0,0,-4,4,0,,
122,CT,Chhattisgarh,CT_Dhamtari,Dhamtari,8,0,7,1,0,0,0,0,0,,
123,CT,Chhattisgarh,CT_Durg,Durg,169,34,132,3,0,0,-7,7,0,,
124,CT,Chhattisgarh,CT_Gariaband,Gariaband,41,14,27,0,0,0,0,0,0,,
125,CT,Chhattisgarh,CT_Janjgir Champa,Janjgir Champa,252,20,231,1,0,3,1,2,0,,
126,CT,Chhattisgarh,CT_Jashpur,Jashpur,189,63,126,0,0,0,-2,2,0,,
127,CT,Chhattisgarh,CT_Kabeerdham,Kabeerdham,110,14,96,0,0,0,-2,2,0,,
128,CT,Chhattisgarh,CT_Kondagaon,Kondagaon,3,0,3,0,0,0,0,0,0,,
129,CT,Chhattisgarh,CT_Korba,Korba,319,15,304,0,0,11,6,5,0,,
130,CT,Chhattisgarh,CT_Koriya,Koriya,67,11,56,0,0,6,6,0,0,,
131,CT,Chhattisgarh,CT_Mahasamund,Mahasamund,88,4,83,1,0,0,-1,1,0,,
132,CT,Chhattisgarh,CT_Mungeli,Mungeli,123,2,121,0,0,0,0,0,0,,
133,CT,Chhattisgarh,CT_Narayanpur,Narayanpur,23,10,13,0,0,0,-3,3,0,,
134,CT,Chhattisgarh,CT_Raigarh,Raigarh,134,12,121,1,0,2,-13,15,0,,
135,CT,Chhattisgarh,CT_Raipur,Raipur,427,198,227,2,0,15,13,2,0,,
136,CT,Chhattisgarh,CT_Rajnandgaon,Rajnandgaon,299,35,262,2,0,0,0,0,0,,
137,CT,Chhattisgarh,CT_Sukma,Sukma,5,0,5,0,0,0,0,0,0,,
138,CT,Chhattisgarh,CT_Surajpur,Surajpur,24,0,24,0,0,0,-3,3,0,,
139,CT,Chhattisgarh,CT_Surguja,Surguja,62,13,49,0,0,4,4,0,0,,
140,CT,Chhattisgarh,CT_Uttar Bastar Kanker,Uttar Bastar Kanker,66,11,55,0,0,0,-4,4,0,,
766,CT,Chhattisgarh,CT_Gaurela Pendra Marwahi,Gaurela Pendra Marwahi,3,0,3,0,0,0,0,0,0,,
144,DL,Delhi,DL_Central Delhi,Central Delhi,184,184,0,0,0,0,0,0,0,,
145,DL,Delhi,DL_East Delhi,East Delhi,38,38,0,0,0,0,0,0,0,,
146,DL,Delhi,DL_New Delhi,New Delhi,37,37,0,0,0,0,0,0,0,,
147,DL,Delhi,DL_North Delhi,North Delhi,60,60,0,0,0,0,0,0,0,,
148,DL,Delhi,DL_North East Delhi,North East Delhi,25,25,0,0,0,0,0,0,0,,
149,DL,Delhi,DL_North West Delhi,North West Delhi,32,31,0,1,0,0,0,0,0,,
150,DL,Delhi,DL_Shahdara,Shahdara,48,48,0,0,0,0,0,0,0,,
151,DL,Delhi,DL_South Delhi,South Delhi,70,70,0,0,0,0,0,0,0,,
152,DL,Delhi,DL_South East Delhi,South East Delhi,130,130,0,0,0,0,0,0,0,,
153,DL,Delhi,DL_South West Delhi,South West Delhi,42,42,0,0,0,0,0,0,0,,
154,DL,Delhi,DL_West Delhi,West Delhi,122,122,0,0,0,0,0,0,0,,
0,DN,Dadra and Nagar Haveli and Daman and Diu,DN_Other State,Other State,0,0,0,0,0,0,0,0,0,,
141,DN,Dadra and Nagar Haveli and Daman and Diu,DN_Dadra and Nagar Haveli,Dadra and Nagar Haveli,186,105,78,0,3,13,3,10,0,,
142,DN,Dadra and Nagar Haveli and Daman and Diu,DN_Daman,Daman,172,102,70,0,0,19,12,7,0,,
143,DN,Dadra and Nagar Haveli and Daman and Diu,DN_Diu,Diu,15,4,11,0,0,0,0,0,0,,
0,GA,Goa,GA_Other State,Other State,126,109,17,0,0,1,1,0,0,"Travelled by Road,Train,Flight",
155,GA,Goa,GA_North Goa,North Goa,283,189,92,2,0,51,43,8,0,,
156,GA,Goa,GA_South Goa,South Goa,932,520,407,5,0,7,-79,85,1,,
0,GJ,Gujarat,GJ_Other State,Other State,86,77,8,1,0,0,0,0,0,,
157,GJ,Gujarat,GJ_Ahmedabad,Ahmedabad,21892,3579,16829,1484,0,177,-48,216,9,,
158,GJ,Gujarat,GJ_Amreli,Amreli,98,44,46,8,0,1,1,0,0,,
159,GJ,Gujarat,GJ_Anand,Anand,245,22,210,13,0,0,0,0,0,,
160,GJ,Gujarat,GJ_Aravalli,Aravalli,229,30,179,20,0,5,5,0,0,,
161,GJ,Gujarat,GJ_Banaskantha,Banaskantha,228,54,162,12,0,8,1,7,0,,
162,GJ,Gujarat,GJ_Bharuch,Bharuch,296,148,138,10,0,15,15,0,0,,
163,GJ,Gujarat,GJ_Bhavnagar,Bhavnagar,338,169,156,13,0,16,15,1,0,,
164,GJ,Gujarat,GJ_Botad,Botad,102,30,69,3,0,3,3,0,0,,
165,GJ,Gujarat,GJ_Chhota Udaipur,Chhota Udaipur,61,16,43,2,0,1,1,0,0,,
167,GJ,Gujarat,GJ_Dahod,Dahod,74,24,49,1,0,8,8,0,0,,
187,GJ,Gujarat,GJ_Dang,Dang,4,0,4,0,0,0,0,0,0,,
166,GJ,Gujarat,GJ_Devbhumi Dwarka,Devbhumi Dwarka,27,7,18,2,0,1,-1,2,0,,
168,GJ,Gujarat,GJ_Gandhinagar,Gandhinagar,719,156,533,30,0,11,-3,13,1,,
169,GJ,Gujarat,GJ_Gir Somnath,Gir Somnath,89,37,51,1,0,4,2,2,0,,
170,GJ,Gujarat,GJ_Jamnagar,Jamnagar,272,120,147,5,0,6,-21,26,1,,
171,GJ,Gujarat,GJ_Junagadh,Junagadh,170,105,62,3,0,13,8,5,0,,
173,GJ,Gujarat,GJ_Kheda,Kheda,208,68,128,12,0,12,8,3,1,,
172,GJ,Gujarat,GJ_Kutch,Kutch,184,72,106,6,0,2,-5,7,0,,
175,GJ,Gujarat,GJ_Mahisagar,Mahisagar,152,32,118,2,0,3,3,0,0,,
174,GJ,Gujarat,GJ_Mehsana,Mehsana,317,141,162,14,0,9,3,6,0,,
176,GJ,Gujarat,GJ_Morbi,Morbi,39,21,17,1,0,5,5,0,0,,
177,GJ,Gujarat,GJ_Narmada,Narmada,95,16,79,0,0,1,-10,11,0,,
178,GJ,Gujarat,GJ_Navsari,Navsari,145,71,73,1,0,3,-8,11,0,,
179,GJ,Gujarat,GJ_Panchmahal,Panchmahal,208,39,154,15,0,6,1,5,0,,
180,GJ,Gujarat,GJ_Patan,Patan,246,100,130,16,0,11,7,4,0,,
181,GJ,Gujarat,GJ_Porbandar,Porbandar,21,6,13,2,0,0,0,0,0,,
182,GJ,Gujarat,GJ_Rajkot,Rajkot,409,239,157,13,0,42,36,6,0,,
183,GJ,Gujarat,GJ_Sabarkantha,Sabarkantha,201,75,118,8,0,8,8,0,0,,
184,GJ,Gujarat,GJ_Surat,Surat,5968,1865,3921,182,0,254,142,106,6,,
185,GJ,Gujarat,GJ_Surendranagar,Surendranagar,195,89,96,10,0,9,9,0,0,,
186,GJ,Gujarat,GJ_Tapi,Tapi,21,13,8,0,0,9,9,0,0,,
188,GJ,Gujarat,GJ_Vadodara,Vadodara,2568,669,1850,49,0,64,11,53,0,,
189,GJ,Gujarat,GJ_Valsad,Valsad,216,145,66,5,0,18,16,2,0,,
212,HP,Himachal Pradesh,HP_Bilaspur,Bilaspur,47,15,32,0,0,0,-3,3,0,,
213,HP,Himachal Pradesh,HP_Chamba,Chamba,54,7,46,0,1,0,0,0,0,,
214,HP,Himachal Pradesh,HP_Hamirpur,Hamirpur,265,76,186,3,0,0,-8,8,0,,
215,HP,Himachal Pradesh,HP_Kangra,Kangra,288,85,200,3,0,5,-2,7,0,Death of Tibetan refugee on March 22 included in Kangra district's tally,
216,HP,Himachal Pradesh,HP_Kinnaur,Kinnaur,34,31,3,0,0,0,0,0,0,,
217,HP,Himachal Pradesh,HP_Kullu,Kullu,7,2,5,0,0,2,2,0,0,,
218,HP,Himachal Pradesh,HP_Lahaul and Spiti,Lahaul and Spiti,4,4,0,0,0,0,0,0,0,,
219,HP,Himachal Pradesh,HP_Mandi,Mandi,35,9,24,2,0,1,0,1,0,,
220,HP,Himachal Pradesh,HP_Shimla,Shimla,47,12,32,2,1,0,0,0,0,,
221,HP,Himachal Pradesh,HP_Sirmaur,Sirmaur,40,7,26,0,7,0,0,0,0,,
222,HP,Himachal Pradesh,HP_Solan,Solan,121,43,74,0,4,7,-1,8,0,,
223,HP,Himachal Pradesh,HP_Una,Una,124,28,96,0,0,5,4,1,0,,
0,HR,Haryana,HR_Foreign Evacuees,Foreign Evacuees,21,0,21,0,0,0,0,0,0,,
190,HR,Haryana,HR_Ambala,Ambala,371,52,315,4,0,13,12,0,1,,
191,HR,Haryana,HR_Bhiwani,Bhiwani,498,146,349,3,0,16,-148,164,0,,
192,HR,Haryana,HR_Charkhi Dadri,Charkhi Dadri,87,41,45,1,0,0,0,0,0,,
193,HR,Haryana,HR_Faridabad,Faridabad,4525,824,3609,92,0,161,68,90,3,,
194,HR,Haryana,HR_Fatehabad,Fatehabad,127,28,99,0,0,5,0,5,0,,
195,HR,Haryana,HR_Gurugram,Gurugram,5949,1020,4829,100,0,120,-213,332,1,,
196,HR,Haryana,HR_Hisar,Hisar,282,83,192,7,0,18,18,0,0,,
0,HR,Haryana,HR_Italians,Italians,14,0,14,0,0,0,0,0,0,,
197,HR,Haryana,HR_Jhajjar,Jhajjar,341,93,244,4,0,13,-18,31,0,,
198,HR,Haryana,HR_Jind,Jind,119,24,91,4,0,0,0,0,0,,
199,HR,Haryana,HR_Kaithal,Kaithal,110,56,54,0,0,0,0,0,0,,
200,HR,Haryana,HR_Karnal,Karnal,405,148,249,8,0,15,15,0,0,,
201,HR,Haryana,HR_Kurukshetra,Kurukshetra,156,42,114,0,0,19,12,7,0,,
202,HR,Haryana,HR_Mahendragarh,Mahendragarh,297,96,200,1,0,6,6,0,0,,
203,HR,Haryana,HR_Nuh,Nuh,241,66,175,0,0,0,0,0,0,,
204,HR,Haryana,HR_Palwal,Palwal,352,92,257,3,0,5,0,5,0,,
205,HR,Haryana,HR_Panchkula,Panchkula,120,17,103,0,0,0,-8,8,0,,
206,HR,Haryana,HR_Panipat,Panipat,244,95,142,7,0,19,11,8,0,,
207,HR,Haryana,HR_Rewari,Rewari,386,267,114,5,0,34,34,0,0,,
208,HR,Haryana,HR_Rohtak,Rohtak,656,115,533,8,0,0,0,0,0,,
209,HR,Haryana,HR_Sirsa,Sirsa,131,35,96,0,0,12,8,4,0,,
210,HR,Haryana,HR_Sonipat,Sonipat,1466,444,1004,18,0,0,-33,33,0,,
211,HR,Haryana,HR_Yamunanagar,Yamunanagar,107,12,95,0,0,1,1,0,0,,
246,JH,Jharkhand,JH_Bokaro,Bokaro,51,15,34,2,0,1,1,0,0,,
247,JH,Jharkhand,JH_Chatra,Chatra,54,6,48,0,0,0,0,0,0,,
248,JH,Jharkhand,JH_Deoghar,Deoghar,50,15,35,0,0,1,1,0,0,,
249,JH,Jharkhand,JH_Dhanbad,Dhanbad,189,67,122,0,0,6,6,0,0,,
250,JH,Jharkhand,JH_Dumka,Dumka,13,6,7,0,0,0,0,0,0,,
264,JH,Jharkhand,JH_East Singhbhum,East Singhbhum,505,258,246,1,0,25,25,0,0,,
251,JH,Jharkhand,JH_Garhwa,Garhwa,111,14,97,0,0,0,0,0,0,,
252,JH,Jharkhand,JH_Giridih,Giridih,104,22,80,2,0,1,1,0,0,,
253,JH,Jharkhand,JH_Godda,Godda,11,3,8,0,0,0,0,0,0,,
254,JH,Jharkhand,JH_Gumla,Gumla,119,37,81,1,0,0,0,0,0,,
255,JH,Jharkhand,JH_Hazaribagh,Hazaribagh,202,31,168,3,0,0,0,0,0,,
256,JH,Jharkhand,JH_Jamtara,Jamtara,28,0,28,0,0,0,0,0,0,,
257,JH,Jharkhand,JH_Khunti,Khunti,32,4,27,1,0,1,1,0,0,,
258,JH,Jharkhand,JH_Koderma,Koderma,200,43,156,1,0,6,1,5,0,,
259,JH,Jharkhand,JH_Latehar,Latehar,59,6,53,0,0,0,0,0,0,,
260,JH,Jharkhand,JH_Lohardaga,Lohardaga,70,25,45,0,0,10,10,0,0,,
261,JH,Jharkhand,JH_Pakur,Pakur,35,5,30,0,0,1,1,0,0,,
262,JH,Jharkhand,JH_Palamu,Palamu,68,9,59,0,0,2,2,0,0,,
265,JH,Jharkhand,JH_Ramgarh,Ramgarh,122,7,115,0,0,0,0,0,0,,
266,JH,Jharkhand,JH_Ranchi,Ranchi,267,94,169,4,0,7,5,2,0,,
267,JH,Jharkhand,JH_Sahibganj,Sahibganj,17,12,3,2,0,1,1,0,0,,
268,JH,Jharkhand,JH_Saraikela-Kharsawan,Saraikela-Kharsawan,84,46,38,0,0,4,1,3,0,,
269,JH,Jharkhand,JH_Simdega,Simdega,355,6,348,1,0,2,2,0,0,,
263,JH,Jharkhand,JH_West Singhbhum,West Singhbhum,61,13,48,0,0,0,0,0,0,,
224,JK,Jammu and Kashmir,JK_Anantnag,Anantnag,720,145,564,11,0,3,-8,10,1,,
226,JK,Jammu and Kashmir,JK_Bandipora,Bandipora,307,25,279,3,0,4,-3,5,2,,
227,JK,Jammu and Kashmir,JK_Baramulla,Baramulla,1023,561,439,23,0,17,-2,18,1,,
225,JK,Jammu and Kashmir,JK_Budgam,Budgam,486,203,274,9,0,20,-13,33,0,,
228,JK,Jammu and Kashmir,JK_Doda,Doda,93,31,60,2,0,3,3,0,0,,
229,JK,Jammu and Kashmir,JK_Ganderbal,Ganderbal,119,44,74,1,0,-2,-14,12,0,,
230,JK,Jammu and Kashmir,JK_Jammu,Jammu,397,88,301,8,0,9,9,0,0,,
231,JK,Jammu and Kashmir,JK_Kathua,Kathua,249,60,188,1,0,7,-4,11,0,,
232,JK,Jammu and Kashmir,JK_Kishtwar,Kishtwar,29,8,21,0,0,0,0,0,0,,
233,JK,Jammu and Kashmir,JK_Kulgam,Kulgam,859,245,598,16,0,5,5,0,0,,
234,JK,Jammu and Kashmir,JK_Kupwara,Kupwara,604,168,429,7,0,20,9,11,0,,
235,JK,Jammu and Kashmir,JK_Mirpur,Mirpur,0,0,0,0,0,0,0,0,0,,
236,JK,Jammu and Kashmir,JK_Muzaffarabad,Muzaffarabad,0,0,0,0,0,0,0,0,0,,
237,JK,Jammu and Kashmir,JK_Pulwama,Pulwama,538,267,267,4,0,4,4,0,0,,
238,JK,Jammu and Kashmir,JK_Punch,Punch,124,10,113,1,0,0,0,0,0,,
239,JK,Jammu and Kashmir,JK_Rajouri,Rajouri,124,55,68,1,0,2,2,0,0,,
240,JK,Jammu and Kashmir,JK_Ramban,Ramban,236,49,187,0,0,10,10,0,0,,
241,JK,Jammu and Kashmir,JK_Reasi,Reasi,45,13,32,0,0,0,0,0,0,,
242,JK,Jammu and Kashmir,JK_Samba,Samba,186,66,120,0,0,18,18,0,0,,
243,JK,Jammu and Kashmir,JK_Shopiyan,Shopiyan,849,225,611,13,0,1,1,0,0,,
244,JK,Jammu and Kashmir,JK_Srinagar,Srinagar,1151,697,423,31,0,60,59,0,1,,
245,JK,Jammu and Kashmir,JK_Udhampur,Udhampur,290,82,207,1,0,2,-10,12,0,,
270,KA,Karnataka,KA_Bagalkote,Bagalkote,230,88,137,5,0,4,-10,14,0,,
271,KA,Karnataka,KA_Ballari,Ballari,1244,657,552,35,0,90,52,37,1,,
272,KA,Karnataka,KA_Belagavi,Belagavi,394,75,313,6,0,11,9,0,2,,
274,KA,Karnataka,KA_Bengaluru Rural,Bengaluru Rural,218,166,46,6,0,0,0,0,0,,
273,KA,Karnataka,KA_Bengaluru Urban,Bengaluru Urban,9580,8166,1268,145,1,1235,917,302,16,,
275,KA,Karnataka,KA_Bidar,Bidar,755,186,532,37,0,29,0,20,9,,
276,KA,Karnataka,KA_Chamarajanagara,Chamarajanagara,102,101,1,0,0,19,19,0,0,,
277,KA,Karnataka,KA_Chikkaballapura,Chikkaballapura,258,79,172,6,1,13,7,5,1,,
278,KA,Karnataka,KA_Chikkamagaluru,Chikkamagaluru,94,42,51,1,0,9,7,2,0,,
279,KA,Karnataka,KA_Chitradurga,Chitradurga,83,35,48,0,0,3,3,0,0,,
280,KA,Karnataka,KA_Dakshina Kannada,Dakshina Kannada,1234,663,549,20,2,147,111,36,0,,
281,KA,Karnataka,KA_Davanagere,Davanagere,356,44,301,11,0,11,2,7,2,,
282,KA,Karnataka,KA_Dharwad,Dharwad,555,311,232,12,0,45,22,22,1,,
283,KA,Karnataka,KA_Gadag,Gadag,210,122,84,4,0,7,7,0,0,,
284,KA,Karnataka,KA_Hassan,Hassan,492,231,253,8,0,14,13,0,1,,
285,KA,Karnataka,KA_Haveri,Haveri,167,128,37,2,0,15,15,0,0,,
286,KA,Karnataka,KA_Kalaburagi,Kalaburagi,1646,378,1241,27,0,49,-5,52,2,,
287,KA,Karnataka,KA_Kodagu,Kodagu,76,73,3,0,0,0,0,0,0,,
288,KA,Karnataka,KA_Kolar,Kolar,174,100,72,2,0,13,6,7,0,,
289,KA,Karnataka,KA_Koppal,Koppal,130,51,77,2,0,22,13,9,0,,
290,KA,Karnataka,KA_Mandya,Mandya,518,151,367,0,0,10,-3,13,0,,
291,KA,Karnataka,KA_Mysuru,Mysuru,434,179,250,5,0,25,12,12,1,,
0,KA,Karnataka,KA_Other State,Other State,36,1,32,3,0,0,0,0,0,,
292,KA,Karnataka,KA_Raichur,Raichur,569,144,422,3,0,10,10,0,0,,
293,KA,Karnataka,KA_Ramanagara,Ramanagara,233,152,76,5,0,6,6,0,0,,
294,KA,Karnataka,KA_Shivamogga,Shivamogga,261,140,117,4,0,8,8,0,0,,
295,KA,Karnataka,KA_Tumakuru,Tumakuru,221,153,61,7,0,13,11,1,1,,
296,KA,Karnataka,KA_Udupi,Udupi,1321,193,1125,3,0,45,23,22,0,,
297,KA,Karnataka,KA_Uttara Kannada,Uttara Kannada,354,194,159,1,0,21,21,0,0,,
298,KA,Karnataka,KA_Vijayapura,Vijayapura,558,143,404,11,0,51,21,30,0,,
299,KA,Karnataka,KA_Yadgir,Yadgir,971,103,867,1,0,0,-12,12,0,,
0,KL,Kerala,KL_Other State,Other State,0,0,0,0,0,0,0,0,0,,
300,KL,Kerala,KL_Alappuzha,Alappuzha,378,196,181,1,0,13,13,0,0,,
301,KL,Kerala,KL_Ernakulam,Ernakulam,316,184,130,1,1,12,2,10,0,,
302,KL,Kerala,KL_Idukki,Idukki,127,53,74,0,0,6,6,0,0,,
303,KL,Kerala,KL_Kannur,Kannur,589,258,326,5,0,25,22,3,0,,
304,KL,Kerala,KL_Kasaragod,Kasaragod,516,126,390,0,0,28,28,0,0,,
305,KL,Kerala,KL_Kollam,Kollam,405,174,229,2,0,10,-21,31,0,,
306,KL,Kerala,KL_Kottayam,Kottayam,262,115,146,1,0,8,5,3,0,,
307,KL,Kerala,KL_Kozhikode,Kozhikode,317,113,202,2,0,20,15,5,0,,
308,KL,Kerala,KL_Malappuram,Malappuram,657,273,380,4,0,26,-2,28,0,,
309,KL,Kerala,KL_Palakkad,Palakkad,636,205,429,1,1,29,22,7,0,,
310,KL,Kerala,KL_Pathanamthitta,Pathanamthitta,354,187,167,0,0,3,-7,10,0,,
311,KL,Kerala,KL_Thiruvananthapuram,Thiruvananthapuram,284,107,172,5,0,27,16,11,0,,
312,KL,Kerala,KL_Thrissur,Thrissur,481,200,278,3,0,12,0,12,0,,
313,KL,Kerala,KL_Wayanad,Wayanad,108,37,70,1,0,6,0,6,0,,
314,LA,Ladakh,LA_Kargil,Kargil,714,91,623,0,0,0,0,0,0,,
315,LA,Ladakh,LA_Leh,Leh,291,87,203,1,0,0,0,0,0,,
316,LD,Lakshadweep,LD_Lakshadweep,Lakshadweep,0,0,0,0,0,0,0,0,0,,
369,MH,Maharashtra,MH_Ahmednagar,Ahmednagar,580,208,357,15,0,72,72,0,0,,
370,MH,Maharashtra,MH_Akola,Akola,1662,376,1199,86,1,53,36,17,0,,
371,MH,Maharashtra,MH_Amravati,Amravati,690,209,451,30,0,52,47,5,0,,
372,MH,Maharashtra,MH_Aurangabad,Aurangabad,6568,3486,2788,294,0,297,201,85,11,,
374,MH,Maharashtra,MH_Beed,Beed,142,44,95,3,0,13,13,0,0,,
373,MH,Maharashtra,MH_Bhandara,Bhandara,91,14,77,0,0,2,2,0,0,,
375,MH,Maharashtra,MH_Buldhana,Buldhana,318,136,169,13,0,20,18,2,0,,
376,MH,Maharashtra,MH_Chandrapur,Chandrapur,110,47,63,0,0,1,-1,2,0,,
377,MH,Maharashtra,MH_Dhule,Dhule,1248,480,704,62,2,15,-1,12,4,,
378,MH,Maharashtra,MH_Gadchiroli,Gadchiroli,73,12,60,1,0,1,0,1,0,,
379,MH,Maharashtra,MH_Gondia,Gondia,167,61,104,2,0,8,8,0,0,,
380,MH,Maharashtra,MH_Hingoli,Hingoli,294,43,250,1,0,6,6,0,0,,
381,MH,Maharashtra,MH_Jalgaon,Jalgaon,4236,1538,2420,278,0,210,43,157,10,,
382,MH,Maharashtra,MH_Jalna,Jalna,719,315,380,24,0,36,36,0,0,,
383,MH,Maharashtra,MH_Kolhapur,Kolhapur,920,176,732,12,0,25,25,0,0,,
384,MH,Maharashtra,MH_Latur,Latur,425,174,229,22,0,21,15,6,0,,
385,MH,Maharashtra,MH_Mumbai,Mumbai,84524,23732,55884,4899,9,1287,-1203,2421,69,,
386,MH,Maharashtra,MH_Mumbai Suburban,Mumbai Suburban,0,0,0,0,0,0,0,0,0,,
387,MH,Maharashtra,MH_Nagpur,Nagpur,1719,408,1296,15,0,47,43,4,0,,
388,MH,Maharashtra,MH_Nanded,Nanded,394,138,242,14,0,6,5,1,0,,
389,MH,Maharashtra,MH_Nandurbar,Nandurbar,197,105,83,9,0,0,0,0,0,,
390,MH,Maharashtra,MH_Nashik,Nashik,5216,2056,2935,225,0,283,166,115,2,,
391,MH,Maharashtra,MH_Osmanabad,Osmanabad,264,66,186,12,0,11,7,4,0,,
0,MH,Maharashtra,MH_Other State,Other State,133,108,0,25,0,22,22,0,0,,
392,MH,Maharashtra,MH_Palghar,Palghar,7470,4379,2965,126,0,297,228,65,4,,
393,MH,Maharashtra,MH_Parbhani,Parbhani,128,41,83,4,0,10,10,0,0,,
394,MH,Maharashtra,MH_Pune,Pune,28142,13864,13406,872,0,1186,813,342,31,,
395,MH,Maharashtra,MH_Raigad,Raigad,5840,2991,2741,106,2,255,200,55,0,,
396,MH,Maharashtra,MH_Ratnagiri,Ratnagiri,712,214,471,27,0,13,0,13,0,,
397,MH,Maharashtra,MH_Sangli,Sangli,430,168,251,11,0,13,9,4,0,,
398,MH,Maharashtra,MH_Satara,Satara,1337,519,769,48,1,63,57,6,0,,
399,MH,Maharashtra,MH_Sindhudurg,Sindhudurg,246,69,172,5,0,7,-1,8,0,,
400,MH,Maharashtra,MH_Solapur,Solapur,3214,1225,1692,296,1,108,85,19,4,,
401,MH,Maharashtra,MH_Thane,Thane,47935,28508,18156,1270,1,2102,1781,305,16,,
402,MH,Maharashtra,MH_Wardha,Wardha,17,3,13,1,0,0,0,0,0,,
403,MH,Maharashtra,MH_Washim,Washim,120,35,82,3,0,4,3,1,0,,
404,MH,Maharashtra,MH_Yavatmal,Yavatmal,338,92,235,11,0,9,1,8,0,,
421,ML,Meghalaya,ML_East Garo Hills,East Garo Hills,0,0,0,0,0,0,0,0,0,,
422,ML,Meghalaya,ML_East Jaintia Hills,East Jaintia Hills,1,1,0,0,0,0,0,0,0,,
423,ML,Meghalaya,ML_East Khasi Hills,East Khasi Hills,37,19,17,1,0,1,1,0,0,,
424,ML,Meghalaya,ML_North Garo Hills,North Garo Hills,1,0,1,0,0,0,0,0,0,,
425,ML,Meghalaya,ML_Ribhoi,Ribhoi,11,11,0,0,0,1,1,0,0,,
426,ML,Meghalaya,ML_South Garo Hills,South Garo Hills,0,0,0,0,0,0,0,0,0,,
427,ML,Meghalaya,ML_South West Garo Hills,South West Garo Hills,7,3,4,0,0,0,0,0,0,,
428,ML,Meghalaya,ML_South West Khasi Hills,South West Khasi Hills,0,0,0,0,0,0,0,0,0,,
429,ML,Meghalaya,ML_West Garo Hills,West Garo Hills,7,3,4,0,0,0,0,0,0,,
430,ML,Meghalaya,ML_West Jaintia Hills,West Jaintia Hills,5,0,5,0,0,0,0,0,0,,
431,ML,Meghalaya,ML_West Khasi Hills,West Khasi Hills,1,1,0,0,0,0,0,0,0,,
405,MN,Manipur,MN_Bishnupur,Bishnupur,81,23,58,0,0,0,0,0,0,,
406,MN,Manipur,MN_Chandel,Chandel,38,32,6,0,0,0,0,0,0,,
407,MN,Manipur,MN_Churachandpur,Churachandpur,140,82,58,0,0,1,1,0,0,,
408,MN,Manipur,MN_Imphal East,Imphal East,42,26,16,0,0,1,1,0,0,,
409,MN,Manipur,MN_Imphal West,Imphal West,97,18,79,0,0,6,6,0,0,,
410,MN,Manipur,MN_Jiribam,Jiribam,32,30,2,0,0,0,0,0,0,,
411,MN,Manipur,MN_Kakching,Kakching,93,49,44,0,0,4,4,0,0,,
412,MN,Manipur,MN_Kamjong,Kamjong,95,78,17,0,0,6,6,0,0,,
413,MN,Manipur,MN_Kangpokpi,Kangpokpi,155,136,19,0,0,18,18,0,0,,
414,MN,Manipur,MN_Noney,Noney,25,7,18,0,0,1,1,0,0,,
415,MN,Manipur,MN_Pherzawl,Pherzawl,32,17,15,0,0,0,0,0,0,,
416,MN,Manipur,MN_Senapati,Senapati,120,91,29,0,0,0,0,0,0,,
417,MN,Manipur,MN_Tamenglong,Tamenglong,180,148,32,0,0,2,2,0,0,,
418,MN,Manipur,MN_Tengnoupal,Tengnoupal,14,1,13,0,0,0,0,0,0,,
419,MN,Manipur,MN_Thoubal,Thoubal,59,32,27,0,0,0,0,0,0,,
420,MN,Manipur,MN_Ukhrul,Ukhrul,163,137,26,0,0,2,2,0,0,,
317,MP,Madhya Pradesh,MP_Agar Malwa,Agar Malwa,17,2,14,1,0,1,1,0,0,,
318,MP,Madhya Pradesh,MP_Alirajpur,Alirajpur,8,5,3,0,0,0,0,0,0,,
319,MP,Madhya Pradesh,MP_Anuppur,Anuppur,29,0,29,0,0,0,0,0,0,,
320,MP,Madhya Pradesh,MP_Ashoknagar,Ashoknagar,50,17,33,0,0,2,12,-9,-1,,
321,MP,Madhya Pradesh,MP_Balaghat,Balaghat,39,19,20,0,0,6,6,0,0,,
322,MP,Madhya Pradesh,MP_Barwani,Barwani,130,22,104,4,0,4,2,2,0,,
323,MP,Madhya Pradesh,MP_Betul,Betul,80,32,48,0,0,8,7,1,0,,
324,MP,Madhya Pradesh,MP_Bhind,Bhind,287,97,190,0,0,16,-4,20,0,,
325,MP,Madhya Pradesh,MP_Bhopal,Bhopal,3045,519,2417,109,0,61,41,16,4,,
326,MP,Madhya Pradesh,MP_Burhanpur,Burhanpur,405,14,368,23,0,0,0,0,0,,
327,MP,Madhya Pradesh,MP_Chhatarpur,Chhatarpur,59,4,55,0,0,0,0,0,0,,
328,MP,Madhya Pradesh,MP_Chhindwara,Chhindwara,66,30,34,2,0,0,-1,1,0,,
329,MP,Madhya Pradesh,MP_Damoh,Damoh,52,20,32,0,0,4,2,2,0,,
330,MP,Madhya Pradesh,MP_Datia,Datia,47,26,20,1,0,1,1,0,0,,
331,MP,Madhya Pradesh,MP_Dewas,Dewas,238,36,192,10,0,1,-1,2,0,,
332,MP,Madhya Pradesh,MP_Dhar,Dhar,181,16,157,8,0,2,1,0,1,,
333,MP,Madhya Pradesh,MP_Dindori,Dindori,31,1,30,0,0,0,0,0,0,,
335,MP,Madhya Pradesh,MP_Guna,Guna,24,12,11,1,0,2,1,1,0,,
336,MP,Madhya Pradesh,MP_Gwalior,Gwalior,528,206,319,3,0,64,49,15,0,,
337,MP,Madhya Pradesh,MP_Harda,Harda,43,15,25,3,0,4,3,0,1,,
338,MP,Madhya Pradesh,MP_Hoshangabad,Hoshangabad,42,1,38,3,0,1,1,0,0,,
339,MP,Madhya Pradesh,MP_Indore,Indore,4833,817,3772,244,0,23,-25,45,3,,
340,MP,Madhya Pradesh,MP_Jabalpur,Jabalpur,437,74,349,14,0,7,1,6,0,,
341,MP,Madhya Pradesh,MP_Jhabua,Jhabua,21,6,14,1,0,2,2,0,0,,
342,MP,Madhya Pradesh,MP_Katni,Katni,26,10,13,3,0,7,7,0,0,,
334,MP,Madhya Pradesh,MP_Khandwa,Khandwa,335,49,269,17,0,8,8,0,0,,
368,MP,Madhya Pradesh,MP_Khargone,Khargone,313,35,263,15,0,4,3,1,0,,
343,MP,Madhya Pradesh,MP_Mandla,Mandla,6,0,5,1,0,0,0,0,0,,
344,MP,Madhya Pradesh,MP_Mandsaur,Mandsaur,131,26,96,9,0,2,2,0,0,,
345,MP,Madhya Pradesh,MP_Morena,Morena,654,420,229,5,0,36,16,20,0,,
346,MP,Madhya Pradesh,MP_Narsinghpur,Narsinghpur,32,4,28,0,0,0,-1,1,0,,
347,MP,Madhya Pradesh,MP_Neemuch,Neemuch,454,21,426,7,0,5,3,2,0,,
348,MP,Madhya Pradesh,MP_Niwari,Niwari,11,3,8,0,0,0,0,0,0,,
0,MP,Madhya Pradesh,MP_Other Region,Other Region,0,0,0,0,0,0,0,0,0,,
349,MP,Madhya Pradesh,MP_Panna,Panna,55,22,33,0,0,7,6,1,0,,
350,MP,Madhya Pradesh,MP_Raisen,Raisen,112,3,104,5,0,0,-7,7,0,,
351,MP,Madhya Pradesh,MP_Rajgarh,Rajgarh,104,33,65,6,0,3,2,1,0,,
352,MP,Madhya Pradesh,MP_Ratlam,Ratlam,175,26,143,6,0,3,-2,5,0,,
353,MP,Madhya Pradesh,MP_Rewa,Rewa,66,23,42,1,0,4,4,0,0,,
354,MP,Madhya Pradesh,MP_Sagar,Sagar,415,89,304,22,0,9,-1,9,1,,
355,MP,Madhya Pradesh,MP_Satna,Satna,43,16,25,2,0,3,-1,4,0,,
356,MP,Madhya Pradesh,MP_Sehore,Sehore,22,10,10,2,0,1,1,0,0,,
357,MP,Madhya Pradesh,MP_Seoni,Seoni,15,4,11,0,0,0,0,0,0,,
358,MP,Madhya Pradesh,MP_Shahdol,Shahdol,24,7,17,0,0,0,0,0,0,,
359,MP,Madhya Pradesh,MP_Shajapur,Shajapur,69,16,50,3,0,1,1,0,0,,
360,MP,Madhya Pradesh,MP_Sheopur,Sheopur,85,15,68,2,0,2,-2,4,0,,
361,MP,Madhya Pradesh,MP_Shivpuri,Shivpuri,52,19,33,0,0,9,4,5,0,,
362,MP,Madhya Pradesh,MP_Sidhi,Sidhi,21,2,18,1,0,0,0,0,0,,
363,MP,Madhya Pradesh,MP_Singrauli,Singrauli,20,6,14,0,0,0,-1,1,0,,
364,MP,Madhya Pradesh,MP_Tikamgarh,Tikamgarh,63,39,23,1,0,9,9,0,0,,
365,MP,Madhya Pradesh,MP_Ujjain,Ujjain,866,15,780,71,0,2,-3,5,0,,
366,MP,Madhya Pradesh,MP_Umaria,Umaria,11,1,9,1,0,0,0,0,0,,
367,MP,Madhya Pradesh,MP_Vidisha,Vidisha,58,16,42,0,0,2,2,0,0,,
432,MZ,Mizoram,MZ_Aizawl,Aizawl,53,21,32,0,0,14,14,0,0,,
433,MZ,Mizoram,MZ_Champhai,Champhai,10,2,8,0,0,0,0,0,0,,
729,MZ,Mizoram,MZ_Hnahthial,Hnahthial,0,0,0,0,0,0,0,0,0,,
730,MZ,Mizoram,MZ_Khawzawl,Khawzawl,3,0,3,0,0,0,-2,2,0,,
434,MZ,Mizoram,MZ_Kolasib,Kolasib,11,0,11,0,0,0,0,0,0,,
435,MZ,Mizoram,MZ_Lawngtlai,Lawngtlai,12,4,8,0,0,4,4,0,0,,
436,MZ,Mizoram,MZ_Lunglei,Lunglei,49,3,46,0,0,0,0,0,0,,
437,MZ,Mizoram,MZ_Mamit,Mamit,20,10,10,0,0,0,0,0,0,,
438,MZ,Mizoram,MZ_Saiha,Saiha,22,13,9,0,0,4,3,1,0,,
728,MZ,Mizoram,MZ_Saitual,Saitual,3,0,3,0,0,0,0,0,0,,
439,MZ,Mizoram,MZ_Serchhip,Serchhip,3,0,3,0,0,0,0,0,0,,
0,NL,Nagaland,NL_Others,Others,46,46,0,0,0,0,0,0,0,,
440,NL,Nagaland,NL_Dimapur,Dimapur,99,70,29,0,0,12,12,0,0,,
441,NL,Nagaland,NL_Kiphire,Kiphire,4,4,0,0,0,0,0,0,0,,
442,NL,Nagaland,NL_Kohima,Kohima,52,38,14,0,0,1,1,0,0,,
443,NL,Nagaland,NL_Longleng,Longleng,2,2,0,0,0,0,0,0,0,,
444,NL,Nagaland,NL_Mokokchung,Mokokchung,2,2,0,0,0,1,1,0,0,,
445,NL,Nagaland,NL_Mon,Mon,67,67,0,0,0,1,1,0,0,,
446,NL,Nagaland,NL_Peren,Peren,250,234,16,0,0,0,0,0,0,,
447,NL,Nagaland,NL_Phek,Phek,10,9,1,0,0,0,0,0,0,,
448,NL,Nagaland,NL_Tuensang,Tuensang,30,30,0,0,0,0,0,0,0,,
449,NL,Nagaland,NL_Wokha,Wokha,10,10,0,0,0,0,0,0,0,,
450,NL,Nagaland,NL_Zunheboto,Zunheboto,6,6,0,0,0,1,1,0,0,,
0,OR,Odisha,OR_Others,Others,0,0,0,0,0,0,0,0,0,Includes NDRF-ODRF returnees after West Bengal Amphan duty,
451,OR,Odisha,OR_Angul,Angul,106,48,57,1,0,11,11,0,0,,
452,OR,Odisha,OR_Balangir,Balangir,216,51,165,0,0,3,3,0,0,,
453,OR,Odisha,OR_Balasore,Balasore,398,72,324,2,0,8,-8,15,1,,
454,OR,Odisha,OR_Bargarh,Bargarh,133,65,67,1,0,0,-2,2,0,,
456,OR,Odisha,OR_Bhadrak,Bhadrak,261,34,227,0,0,16,16,0,0,,
455,OR,Odisha,OR_Boudh,Boudh,45,5,40,0,0,0,0,0,0,,
457,OR,Odisha,OR_Cuttack,Cuttack,813,278,529,6,0,98,82,16,0,,
458,OR,Odisha,OR_Deogarh,Deogarh,62,20,42,0,0,0,0,0,0,,
459,OR,Odisha,OR_Dhenkanal,Dhenkanal,84,18,66,0,0,0,0,0,0,,
460,OR,Odisha,OR_Gajapati,Gajapati,461,147,313,1,0,12,-45,56,1,,
461,OR,Odisha,OR_Ganjam,Ganjam,2182,843,1318,21,0,116,17,99,0,,
462,OR,Odisha,OR_Jagatsinghpur,Jagatsinghpur,317,74,243,0,0,0,-5,5,0,,
463,OR,Odisha,OR_Jajpur,Jajpur,566,166,400,0,0,25,16,9,0,,
464,OR,Odisha,OR_Jharsuguda,Jharsuguda,128,31,97,0,0,0,-33,33,0,,
465,OR,Odisha,OR_Kalahandi,Kalahandi,78,8,70,0,0,2,2,0,0,,
466,OR,Odisha,OR_Kandhamal,Kandhamal,187,9,178,0,0,1,1,0,0,,
467,OR,Odisha,OR_Kendrapara,Kendrapara,269,37,232,0,0,5,5,0,0,,
468,OR,Odisha,OR_Kendujhar,Kendujhar,182,75,107,0,0,25,19,6,0,,
469,OR,Odisha,OR_Khordha,Khordha,971,220,742,9,0,27,17,10,0,,
470,OR,Odisha,OR_Koraput,Koraput,57,30,27,0,0,0,-2,2,0,,
471,OR,Odisha,OR_Malkangiri,Malkangiri,112,59,53,0,0,1,1,0,0,,
472,OR,Odisha,OR_Mayurbhanj,Mayurbhanj,259,79,179,1,0,6,-2,8,0,,
473,OR,Odisha,OR_Nabarangapur,Nabarangapur,55,25,29,1,0,2,-14,16,0,,
474,OR,Odisha,OR_Nayagarh,Nayagarh,188,53,135,0,0,24,21,3,0,,
475,OR,Odisha,OR_Nuapada,Nuapada,82,4,78,0,0,0,0,0,0,,
476,OR,Odisha,OR_Puri,Puri,299,76,221,2,0,8,2,6,0,,
477,OR,Odisha,OR_Rayagada,Rayagada,115,93,22,0,0,0,0,0,0,,
478,OR,Odisha,OR_Sambalpur,Sambalpur,83,36,47,0,0,13,2,11,0,,
479,OR,Odisha,OR_Subarnapur,Subarnapur,39,4,35,0,0,0,0,0,0,,
480,OR,Odisha,OR_Sundargarh,Sundargarh,322,140,181,1,0,66,64,1,1,,
485,PB,Punjab,PB_Amritsar,Amritsar,957,169,740,48,0,10,10,0,0,,
486,PB,Punjab,PB_Barnala,Barnala,71,28,41,2,0,2,2,0,0,,
487,PB,Punjab,PB_Bathinda,Bathinda,110,31,76,3,0,4,4,0,0,,
488,PB,Punjab,PB_Faridkot,Faridkot,119,19,100,0,0,8,7,1,0,,
489,PB,Punjab,PB_Fatehgarh Sahib,Fatehgarh Sahib,123,19,104,0,0,1,-2,3,0,,
490,PB,Punjab,PB_Fazilka,Fazilka,103,27,76,0,0,1,0,1,0,,
491,PB,Punjab,PB_Ferozepur,Ferozepur,119,53,63,3,0,12,12,0,0,,
492,PB,Punjab,PB_Gurdaspur,Gurdaspur,249,51,193,5,0,7,7,0,0,,
493,PB,Punjab,PB_Hoshiarpur,Hoshiarpur,186,18,161,7,0,0,0,0,0,,
494,PB,Punjab,PB_Jalandhar,Jalandhar,841,255,565,21,0,7,-21,28,0,,
495,PB,Punjab,PB_Kapurthala,Kapurthala,109,25,79,5,0,0,-1,1,0,,
496,PB,Punjab,PB_Ludhiana,Ludhiana,1079,485,570,24,0,62,62,0,0,,
497,PB,Punjab,PB_Mansa,Mansa,50,6,44,0,0,1,1,0,0,,
498,PB,Punjab,PB_Moga,Moga,121,24,93,4,0,5,5,0,0,,
499,PB,Punjab,PB_Pathankot,Pathankot,228,28,194,6,0,4,0,4,0,,
500,PB,Punjab,PB_Patiala,Patiala,379,184,185,10,0,25,7,17,1,,
501,PB,Punjab,PB_Rupnagar,Rupnagar,114,13,100,1,0,0,0,0,0,,
502,PB,Punjab,PB_S.A.S. Nagar,S.A.S. Nagar,302,77,220,5,0,16,16,0,0,,
503,PB,Punjab,PB_Sangrur,Sangrur,535,148,373,14,0,8,-37,45,0,,
504,PB,Punjab,PB_Shahid Bhagat Singh Nagar,Shahid Bhagat Singh Nagar,148,22,125,1,0,0,0,0,0,,
505,PB,Punjab,PB_Sri Muktsar Sahib,Sri Muktsar Sahib,133,8,125,0,0,0,-2,2,0,,
506,PB,Punjab,PB_Tarn Taran,Tarn Taran,207,21,181,5,0,1,0,0,1,,
481,PY,Puducherry,PY_Karaikal,Karaikal,45,19,26,0,0,0,-9,9,0,,
482,PY,Puducherry,PY_Mahe,Mahe,18,8,10,0,0,0,0,0,0,,
483,PY,Puducherry,PY_Puducherry,Puducherry,869,443,412,14,0,32,-2,34,0,,
484,PY,Puducherry,PY_Yanam,Yanam,14,14,0,0,0,10,10,0,0,,
507,RJ,Rajasthan,RJ_Ajmer,Ajmer,599,115,465,19,0,31,22,9,0,,
508,RJ,Rajasthan,RJ_Alwar,Alwar,703,357,340,6,0,47,47,0,0,,
509,RJ,Rajasthan,RJ_Banswara,Banswara,99,2,95,2,0,0,0,0,0,,
510,RJ,Rajasthan,RJ_Baran,Baran,71,7,60,4,0,4,4,0,0,,
511,RJ,Rajasthan,RJ_Barmer,Barmer,442,169,269,4,0,7,-41,48,0,,
512,RJ,Rajasthan,RJ_Bharatpur,Bharatpur,1769,200,1530,39,0,34,14,20,0,,
513,RJ,Rajasthan,RJ_Bhilwara,Bhilwara,268,17,245,6,0,3,-3,6,0,,
514,RJ,Rajasthan,RJ_Bikaner,Bikaner,492,300,175,17,0,57,56,0,1,,
0,RJ,Rajasthan,RJ_BSF Camp,BSF Camp,53,3,50,0,0,0,0,0,0,,
515,RJ,Rajasthan,RJ_Bundi,Bundi,15,4,11,0,0,0,0,0,0,,
516,RJ,Rajasthan,RJ_Chittorgarh,Chittorgarh,211,2,203,6,0,0,0,0,0,,
517,RJ,Rajasthan,RJ_Churu,Churu,336,62,272,2,0,5,5,0,0,,
518,RJ,Rajasthan,RJ_Dausa,Dausa,177,48,126,3,0,7,-1,8,0,,
519,RJ,Rajasthan,RJ_Dholpur,Dholpur,768,165,593,10,0,28,-33,61,0,,
520,RJ,Rajasthan,RJ_Dungarpur,Dungarpur,462,41,420,1,0,1,-1,2,0,,
0,RJ,Rajasthan,RJ_Evacuees,Evacuees,61,0,61,0,0,0,0,0,0,,
521,RJ,Rajasthan,RJ_Ganganagar,Ganganagar,60,26,31,3,0,0,-3,3,0,,
522,RJ,Rajasthan,RJ_Hanumangarh,Hanumangarh,83,27,56,0,0,2,1,1,0,,
0,RJ,Rajasthan,RJ_Italians,Italians,2,0,2,0,0,0,0,0,0,,
523,RJ,Rajasthan,RJ_Jaipur,Jaipur,3526,503,2860,163,0,47,24,23,0,,
524,RJ,Rajasthan,RJ_Jaisalmer,Jaisalmer,115,10,105,0,0,0,0,0,0,,
525,RJ,Rajasthan,RJ_Jalore,Jalore,392,137,253,2,0,41,39,2,0,,
526,RJ,Rajasthan,RJ_Jhalawar,Jhalawar,378,6,372,0,0,3,0,3,0,,
527,RJ,Rajasthan,RJ_Jhunjhunu,Jhunjhunu,401,40,358,3,0,15,12,3,0,,
528,RJ,Rajasthan,RJ_Jodhpur,Jodhpur,3005,431,2515,59,0,57,20,31,6,,
529,RJ,Rajasthan,RJ_Karauli,Karauli,110,22,84,4,0,2,2,0,0,,
530,RJ,Rajasthan,RJ_Kota,Kota,736,124,588,24,0,8,-8,15,1,,
531,RJ,Rajasthan,RJ_Nagaur,Nagaur,726,115,599,12,0,30,23,7,0,,
0,RJ,Rajasthan,RJ_Other State,Other State,134,63,41,30,0,3,3,0,0,,
532,RJ,Rajasthan,RJ_Pali,Pali,1214,168,1037,9,0,46,46,0,0,,
533,RJ,Rajasthan,RJ_Pratapgarh,Pratapgarh,139,124,14,1,0,65,64,1,0,,
534,RJ,Rajasthan,RJ_Rajsamand,Rajsamand,313,102,210,1,0,37,37,0,0,,
535,RJ,Rajasthan,RJ_Sawai Madhopur,Sawai Madhopur,109,19,83,7,0,0,0,0,0,,
536,RJ,Rajasthan,RJ_Sikar,Sikar,625,95,523,7,0,12,-1,13,0,,
537,RJ,Rajasthan,RJ_Sirohi,Sirohi,581,159,415,7,0,27,1,26,0,,
538,RJ,Rajasthan,RJ_Tonk,Tonk,207,7,199,1,0,3,3,0,0,,
539,RJ,Rajasthan,RJ_Udaipur,Udaipur,782,110,668,4,0,10,3,6,1,,
540,SK,Sikkim,SK_East Sikkim,East Sikkim,65,51,14,0,0,22,22,0,0,,
541,SK,Sikkim,SK_North Sikkim,North Sikkim,1,0,1,0,0,0,0,0,0,,
542,SK,Sikkim,SK_South Sikkim,South Sikkim,38,12,26,0,0,0,0,0,0,,
543,SK,Sikkim,SK_West Sikkim,West Sikkim,21,10,11,0,0,0,0,0,0,,
0,TG,Telangana,TG_Foreign Evacuees,Foreign Evacuees,33,33,0,0,0,0,0,0,0,,
0,TG,Telangana,TG_Other State,Other State,250,250,0,0,0,0,0,0,0,,
576,TG,Telangana,TG_Adilabad,Adilabad,48,33,15,0,0,1,1,0,0,,
577,TG,Telangana,TG_Bhadradri Kothagudem,Bhadradri Kothagudem,43,39,4,0,0,2,2,0,0,,
578,TG,Telangana,TG_Hyderabad,Hyderabad,18927,18599,305,23,0,1277,1277,0,0,,
579,TG,Telangana,TG_Jagtial,Jagtial,34,32,2,0,0,0,0,0,0,,
580,TG,Telangana,TG_Jangaon,Jangaon,86,85,1,0,0,2,2,0,0,,
581,TG,Telangana,TG_Jayashankar Bhupalapally,Jayashankar Bhupalapally,13,13,0,0,0,0,0,0,0,,
582,TG,Telangana,TG_Jogulamba Gadwal,Jogulamba Gadwal,56,30,25,1,0,1,1,0,0,,
583,TG,Telangana,TG_Kamareddy,Kamareddy,52,44,8,0,0,1,1,0,0,,
584,TG,Telangana,TG_Karimnagar,Karimnagar,129,113,16,0,0,4,4,0,0,,
585,TG,Telangana,TG_Khammam,Khammam,72,69,3,0,0,0,0,0,0,,
586,TG,Telangana,TG_Komaram Bheem,Komaram Bheem,26,24,2,0,0,0,0,0,0,,
587,TG,Telangana,TG_Mahabubabad,Mahabubabad,45,44,1,0,0,19,19,0,0,,
588,TG,Telangana,TG_Mahabubnagar,Mahabubnagar,104,96,8,0,0,0,0,0,0,,
589,TG,Telangana,TG_Mancherial,Mancherial,68,67,0,1,0,0,0,0,0,,
590,TG,Telangana,TG_Medak,Medak,66,62,4,0,0,3,3,0,0,,
591,TG,Telangana,TG_Medchal Malkajgiri,Medchal Malkajgiri,879,869,9,1,0,125,125,0,0,,
592,TG,Telangana,TG_Mulugu,Mulugu,23,21,2,0,0,0,0,0,0,,
593,TG,Telangana,TG_Nagarkurnool,Nagarkurnool,25,23,2,0,0,0,0,0,0,,
594,TG,Telangana,TG_Nalgonda,Nalgonda,127,115,12,0,0,14,14,0,0,,
595,TG,Telangana,TG_Narayanpet,Narayanpet,6,5,0,1,0,1,1,0,0,,
596,TG,Telangana,TG_Nirmal,Nirmal,39,26,13,0,0,2,2,0,0,,
597,TG,Telangana,TG_Nizamabad,Nizamabad,117,87,30,0,0,3,3,0,0,,
598,TG,Telangana,TG_Peddapalli,Peddapalli,7,6,1,0,0,1,1,0,0,,
599,TG,Telangana,TG_Rajanna Sircilla,Rajanna Sircilla,40,38,2,0,0,1,1,0,0,,
600,TG,Telangana,TG_Ranga Reddy,Ranga Reddy,1400,1381,17,2,0,82,82,0,0,,
601,TG,Telangana,TG_Sangareddy,Sangareddy,197,191,6,0,0,19,19,0,0,,
602,TG,Telangana,TG_Siddipet,Siddipet,35,34,1,0,0,1,1,0,0,,
603,TG,Telangana,TG_Suryapet,Suryapet,120,96,24,0,0,23,23,0,0,,
604,TG,Telangana,TG_Vikarabad,Vikarabad,54,38,15,1,0,2,2,0,0,,
605,TG,Telangana,TG_Wanaparthy,Wanaparthy,15,15,0,0,0,4,4,0,0,,
606,TG,Telangana,TG_Warangal Rural,Warangal Rural,126,126,0,0,0,1,1,0,0,,
607,TG,Telangana,TG_Warangal Urban,Warangal Urban,160,137,23,0,0,0,0,0,0,,
608,TG,Telangana,TG_Yadadri Bhuvanagiri,Yadadri Bhuvanagiri,24,24,0,0,0,1,1,0,0,,
0,TN,Tamil Nadu,TN_Railway Quarantine,Railway Quarantine,416,92,324,0,0,1,1,0,0,,
0,TN,Tamil Nadu,TN_Airport Quarantine,Airport Quarantine,798,430,367,1,0,26,-12,38,0,,
0,TN,Tamil Nadu,TN_Other State,Other State,0,-3,0,3,0,0,0,0,0,,
544,TN,Tamil Nadu,TN_Ariyalur,Ariyalur,468,21,447,0,0,2,-6,8,0,,
732,TN,Tamil Nadu,TN_Chengalpattu,Chengalpattu,6633,3069,3445,119,0,278,45,225,8,,
545,TN,Tamil Nadu,TN_Chennai,Chennai,68254,24894,42309,1051,0,1716,695,1000,21,,
546,TN,Tamil Nadu,TN_Coimbatore,Coimbatore,741,465,275,1,0,29,29,0,0,,
547,TN,Tamil Nadu,TN_Cuddalore,Cuddalore,1257,365,887,5,0,39,8,31,0,,
548,TN,Tamil Nadu,TN_Dharmapuri,Dharmapuri,121,69,52,0,0,9,7,2,0,,
549,TN,Tamil Nadu,TN_Dindigul,Dindigul,704,373,324,7,0,71,62,9,0,,
550,TN,Tamil Nadu,TN_Erode,Erode,248,162,81,5,0,26,26,0,0,,
734,TN,Tamil Nadu,TN_Kallakurichi,Kallakurichi,1205,686,515,4,0,82,31,50,1,,
551,TN,Tamil Nadu,TN_Kancheepuram,Kancheepuram,2547,1531,983,33,0,143,83,57,3,,
552,TN,Tamil Nadu,TN_Kanyakumari,Kanyakumari,560,310,247,3,0,8,-19,26,1,,
553,TN,Tamil Nadu,TN_Karur,Karur,166,37,126,3,0,10,7,2,1,,
554,TN,Tamil Nadu,TN_Krishnagiri,Krishnagiri,185,110,73,2,0,10,4,6,0,,
555,TN,Tamil Nadu,TN_Madurai,Madurai,4085,2975,1048,62,0,309,250,54,5,,
556,TN,Tamil Nadu,TN_Nagapattinam,Nagapattinam,285,171,114,0,0,6,-2,8,0,,
557,TN,Tamil Nadu,TN_Namakkal,Namakkal,109,18,90,1,0,4,4,0,0,,
564,TN,Tamil Nadu,TN_Nilgiris,Nilgiris,124,75,49,0,0,1,-4,5,0,,
558,TN,Tamil Nadu,TN_Perambalur,Perambalur,168,12,156,0,0,1,1,0,0,,
559,TN,Tamil Nadu,TN_Pudukkottai,Pudukkottai,350,236,108,6,0,56,26,29,1,,
560,TN,Tamil Nadu,TN_Ramanathapuram,Ramanathapuram,1385,941,424,20,0,93,27,65,1,,
733,TN,Tamil Nadu,TN_Ranipet,Ranipet,1148,606,537,5,0,65,64,0,1,,
561,TN,Tamil Nadu,TN_Salem,Salem,1247,842,400,5,0,50,-13,63,0,,
562,TN,Tamil Nadu,TN_Sivaganga,Sivaganga,512,327,178,7,0,87,67,17,3,,
731,TN,Tamil Nadu,TN_Tenkasi,Tenkasi,448,240,207,1,0,40,40,0,0,,
563,TN,Tamil Nadu,TN_Thanjavur,Thanjavur,496,184,310,2,0,15,15,0,0,,
565,TN,Tamil Nadu,TN_Theni,Theni,1009,634,368,7,0,24,-78,100,2,,
566,TN,Tamil Nadu,TN_Thiruvallur,Thiruvallur,4806,1650,3062,94,0,210,33,167,10,,
567,TN,Tamil Nadu,TN_Thiruvarur,Thiruvarur,539,191,348,0,0,15,-4,19,0,,
568,TN,Tamil Nadu,TN_Thoothukkudi,Thoothukkudi,1162,311,847,4,0,42,10,32,0,,
569,TN,Tamil Nadu,TN_Tiruchirappalli,Tiruchirappalli,972,485,483,4,0,86,66,20,0,,
570,TN,Tamil Nadu,TN_Tirunelveli,Tirunelveli,1030,350,671,9,0,48,12,36,0,,
735,TN,Tamil Nadu,TN_Tirupathur,Tirupathur,259,169,90,0,0,-2,-5,3,0,,
571,TN,Tamil Nadu,TN_Tiruppur,Tiruppur,204,79,125,0,0,6,6,0,0,,
572,TN,Tamil Nadu,TN_Tiruvannamalai,Tiruvannamalai,2497,1342,1140,15,0,142,108,33,1,,
573,TN,Tamil Nadu,TN_Vellore,Vellore,1932,1347,579,6,0,180,138,42,0,,
574,TN,Tamil Nadu,TN_Viluppuram,Viluppuram,1186,565,604,17,0,109,109,0,0,,
575,TN,Tamil Nadu,TN_Virudhunagar,Virudhunagar,895,502,385,8,0,113,73,39,1,,
609,TR,Tripura,TR_Dhalai,Dhalai,245,42,203,0,0,1,1,0,0,,
610,TR,Tripura,TR_Gomati,Gomati,180,69,111,0,0,1,1,0,0,,
611,TR,Tripura,TR_Khowai,Khowai,86,50,36,0,0,6,6,0,0,,
612,TR,Tripura,TR_North Tripura,North Tripura,55,37,18,0,0,4,4,0,0,,
613,TR,Tripura,TR_Sipahijala,Sipahijala,591,60,531,0,0,3,0,3,0,,
614,TR,Tripura,TR_South Tripura,South Tripura,139,39,100,0,0,0,-1,1,0,,
615,TR,Tripura,TR_Unokoti,Unokoti,73,7,66,0,0,0,0,0,0,,
616,TR,Tripura,TR_West Tripura,West Tripura,211,69,141,1,0,7,7,0,0,,
617,UP,Uttar Pradesh,UP_Agra,Agra,1284,134,1057,93,0,17,4,13,0,,
618,UP,Uttar Pradesh,UP_Aligarh,Aligarh,593,215,355,23,0,17,5,12,0,,
619,UP,Uttar Pradesh,UP_Ambedkar Nagar,Ambedkar Nagar,134,27,103,4,0,1,1,0,0,,
620,UP,Uttar Pradesh,UP_Amethi,Amethi,297,19,277,1,0,6,4,2,0,,
621,UP,Uttar Pradesh,UP_Amroha,Amroha,155,51,100,4,0,0,0,0,0,,
622,UP,Uttar Pradesh,UP_Auraiya,Auraiya,108,15,91,2,0,2,2,0,0,,
765,UP,Uttar Pradesh,UP_Ayodhya,Ayodhya,311,82,225,4,0,4,-12,16,0,,
623,UP,Uttar Pradesh,UP_Azamgarh,Azamgarh,291,88,196,7,0,19,13,6,0,,
624,UP,Uttar Pradesh,UP_Baghpat,Baghpat,343,112,224,7,0,28,22,4,2,,
625,UP,Uttar Pradesh,UP_Bahraich,Bahraich,134,12,121,1,0,5,5,0,0,,
626,UP,Uttar Pradesh,UP_Ballia,Ballia,182,80,100,2,0,16,16,0,0,,
627,UP,Uttar Pradesh,UP_Balrampur,Balrampur,93,35,56,2,0,3,-2,5,0,,
628,UP,Uttar Pradesh,UP_Banda,Banda,53,14,39,0,0,3,3,0,0,,
629,UP,Uttar Pradesh,UP_Barabanki,Barabanki,412,101,309,2,0,2,-11,13,0,,
630,UP,Uttar Pradesh,UP_Bareilly,Bareilly,347,153,180,14,0,23,17,6,0,,
631,UP,Uttar Pradesh,UP_Basti,Basti,376,41,320,15,0,1,-3,4,0,,
632,UP,Uttar Pradesh,UP_Bhadohi,Bhadohi,160,47,112,1,0,5,4,1,0,,
633,UP,Uttar Pradesh,UP_Bijnor,Bijnor,329,82,241,6,0,12,9,3,0,,
634,UP,Uttar Pradesh,UP_Budaun,Budaun,157,41,114,2,0,4,3,1,0,,
635,UP,Uttar Pradesh,UP_Bulandshahr,Bulandshahr,706,190,494,22,0,39,23,16,0,,
636,UP,Uttar Pradesh,UP_Chandauli,Chandauli,186,105,78,3,0,7,5,2,0,,
637,UP,Uttar Pradesh,UP_Chitrakoot,Chitrakoot,100,11,87,2,0,0,-1,1,0,,
638,UP,Uttar Pradesh,UP_Deoria,Deoria,251,70,177,4,0,6,2,4,0,,
639,UP,Uttar Pradesh,UP_Etah,Etah,145,67,70,8,0,4,2,2,0,,
640,UP,Uttar Pradesh,UP_Etawah,Etawah,328,108,204,16,0,4,-20,22,2,,
642,UP,Uttar Pradesh,UP_Farrukhabad,Farrukhabad,197,70,120,7,0,2,-2,4,0,,
643,UP,Uttar Pradesh,UP_Fatehpur,Fatehpur,158,38,119,1,0,4,-2,6,0,,
644,UP,Uttar Pradesh,UP_Firozabad,Firozabad,529,46,456,27,0,1,-5,5,1,,
645,UP,Uttar Pradesh,UP_Gautam Buddha Nagar,Gautam Buddha Nagar,2765,978,1759,28,0,119,6,113,0,,
646,UP,Uttar Pradesh,UP_Ghaziabad,Ghaziabad,2205,1203,940,62,0,182,85,97,0,,
647,UP,Uttar Pradesh,UP_Ghazipur,Ghazipur,371,53,314,4,0,6,0,6,0,,
648,UP,Uttar Pradesh,UP_Gonda,Gonda,178,24,149,5,0,3,2,1,0,,
649,UP,Uttar Pradesh,UP_Gorakhpur,Gorakhpur,430,146,271,13,0,19,10,9,0,,
650,UP,Uttar Pradesh,UP_Hamirpur,Hamirpur,89,19,69,1,0,2,2,0,0,,
651,UP,Uttar Pradesh,UP_Hapur,Hapur,702,153,535,14,0,25,16,9,0,,
652,UP,Uttar Pradesh,UP_Hardoi,Hardoi,252,44,204,4,0,2,2,0,0,,
653,UP,Uttar Pradesh,UP_Hathras,Hathras,195,40,152,3,0,1,-3,4,0,,
654,UP,Uttar Pradesh,UP_Jalaun,Jalaun,201,43,151,7,0,0,-9,9,0,,
655,UP,Uttar Pradesh,UP_Jaunpur,Jaunpur,591,107,475,9,0,32,32,0,0,,
656,UP,Uttar Pradesh,UP_Jhansi,Jhansi,246,130,91,25,0,13,10,2,1,,
657,UP,Uttar Pradesh,UP_Kannauj,Kannauj,252,25,226,1,0,1,-7,8,0,,
658,UP,Uttar Pradesh,UP_Kanpur Dehat,Kanpur Dehat,69,16,52,1,0,0,0,0,0,,
659,UP,Uttar Pradesh,UP_Kanpur Nagar,Kanpur Nagar,1345,337,950,58,0,50,9,38,3,,
660,UP,Uttar Pradesh,UP_Kasganj,Kasganj,129,71,58,0,0,33,29,4,0,,
661,UP,Uttar Pradesh,UP_Kaushambi,Kaushambi,116,49,66,1,0,4,4,0,0,,
663,UP,Uttar Pradesh,UP_Kushinagar,Kushinagar,167,69,95,3,0,7,-3,10,0,,
662,UP,Uttar Pradesh,UP_Lakhimpur Kheri,Lakhimpur Kheri,128,20,108,0,0,9,8,1,0,,
664,UP,Uttar Pradesh,UP_Lalitpur,Lalitpur,14,9,2,3,0,3,3,0,0,,
665,UP,Uttar Pradesh,UP_Lucknow,Lucknow,1424,550,850,24,0,83,60,22,1,,
667,UP,Uttar Pradesh,UP_Maharajganj,Maharajganj,195,43,149,3,0,9,4,5,0,,
666,UP,Uttar Pradesh,UP_Mahoba,Mahoba,64,11,52,1,0,0,-1,1,0,,
668,UP,Uttar Pradesh,UP_Mainpuri,Mainpuri,262,18,236,8,0,1,-9,10,0,,
669,UP,Uttar Pradesh,UP_Mathura,Mathura,437,186,236,15,0,41,33,6,2,,
670,UP,Uttar Pradesh,UP_Mau,Mau,175,85,86,4,0,13,13,0,0,,
671,UP,Uttar Pradesh,UP_Meerut,Meerut,1171,287,797,87,0,28,4,26,-2,,
672,UP,Uttar Pradesh,UP_Mirzapur,Mirzapur,158,84,73,1,0,30,30,0,0,,
673,UP,Uttar Pradesh,UP_Moradabad,Moradabad,520,121,375,24,0,11,-4,15,0,,
674,UP,Uttar Pradesh,UP_Muzaffarnagar,Muzaffarnagar,312,56,247,9,0,2,-2,4,0,,
675,UP,Uttar Pradesh,UP_Pilibhit,Pilibhit,150,43,107,0,0,7,4,3,0,,
676,UP,Uttar Pradesh,UP_Pratapgarh,Pratapgarh,121,9,104,8,0,1,0,0,1,,
677,UP,Uttar Pradesh,UP_Prayagraj,Prayagraj,406,152,243,11,0,55,46,9,0,,
678,UP,Uttar Pradesh,UP_Rae Bareli,Rae Bareli,148,24,121,3,0,4,-2,6,0,,
679,UP,Uttar Pradesh,UP_Rampur,Rampur,378,66,309,3,0,2,2,0,0,,
680,UP,Uttar Pradesh,UP_Saharanpur,Saharanpur,450,90,359,1,0,10,3,6,1,,
681,UP,Uttar Pradesh,UP_Sambhal,Sambhal,381,79,295,7,0,1,-5,6,0,,
682,UP,Uttar Pradesh,UP_Sant Kabir Nagar,Sant Kabir Nagar,284,83,194,7,0,13,11,2,0,,
683,UP,Uttar Pradesh,UP_Shahjahanpur,Shahjahanpur,142,28,114,0,0,3,-1,4,0,,
684,UP,Uttar Pradesh,UP_Shamli,Shamli,173,44,127,2,0,4,-2,6,0,,
685,UP,Uttar Pradesh,UP_Shrawasti,Shrawasti,75,19,54,2,0,4,2,2,0,,
686,UP,Uttar Pradesh,UP_Siddharthnagar,Siddharthnagar,281,69,203,9,0,9,3,6,0,,
687,UP,Uttar Pradesh,UP_Sitapur,Sitapur,66,10,56,0,0,1,1,0,0,,
688,UP,Uttar Pradesh,UP_Sonbhadra,Sonbhadra,53,19,34,0,0,8,8,0,0,,
689,UP,Uttar Pradesh,UP_Sultanpur,Sultanpur,210,36,170,4,0,8,4,4,0,,
690,UP,Uttar Pradesh,UP_Unnao,Unnao,219,90,126,3,0,21,16,5,0,,
691,UP,Uttar Pradesh,UP_Varanasi,Varanasi,648,269,352,27,0,38,38,0,0,,
692,UT,Uttarakhand,UT_Almora,Almora,193,25,165,2,1,1,0,1,0,,
693,UT,Uttarakhand,UT_Bageshwar,Bageshwar,93,18,74,1,0,1,1,0,0,,
694,UT,Uttarakhand,UT_Chamoli,Chamoli,76,10,66,0,0,0,-1,1,0,,
695,UT,Uttarakhand,UT_Champawat,Champawat,59,9,49,1,0,0,0,0,0,,
696,UT,Uttarakhand,UT_Dehradun,Dehradun,754,122,588,25,19,12,3,9,0,,
697,UT,Uttarakhand,UT_Haridwar,Haridwar,319,26,286,0,7,1,-4,5,0,,
698,UT,Uttarakhand,UT_Nainital,Nainital,537,188,345,3,1,7,7,0,0,,
699,UT,Uttarakhand,UT_Pauri Garhwal,Pauri Garhwal,145,12,130,3,0,1,-3,4,0,,
700,UT,Uttarakhand,UT_Pithoragarh,Pithoragarh,67,6,61,0,0,0,0,0,0,,
701,UT,Uttarakhand,UT_Rudraprayag,Rudraprayag,66,5,60,1,0,0,0,0,0,,
702,UT,Uttarakhand,UT_Tehri Garhwal,Tehri Garhwal,421,3,416,2,0,0,0,0,0,,
703,UT,Uttarakhand,UT_Udham Singh Nagar,Udham Singh Nagar,310,83,224,3,0,4,3,1,0,,
704,UT,Uttarakhand,UT_Uttarkashi,Uttarkashi,84,23,60,1,0,4,3,1,0,,
705,WB,West Bengal,WB_Alipurduar,Alipurduar,188,10,178,0,0,1,0,1,0,,
706,WB,West Bengal,WB_Bankura,Bankura,267,39,228,0,0,6,-4,10,0,,
707,WB,West Bengal,WB_Birbhum,Birbhum,311,21,287,3,0,0,0,0,0,,
708,WB,West Bengal,WB_Cooch Behar,Cooch Behar,305,1,304,0,0,0,0,0,0,,
709,WB,West Bengal,WB_Dakshin Dinajpur,Dakshin Dinajpur,231,39,192,0,0,8,6,2,0,,
710,WB,West Bengal,WB_Darjeeling,Darjeeling,603,163,430,10,0,26,24,2,0,,
711,WB,West Bengal,WB_Hooghly,Hooghly,1204,349,829,26,0,62,28,34,0,,
712,WB,West Bengal,WB_Howrah,Howrah,3121,842,2170,109,0,111,-3,112,2,,
713,WB,West Bengal,WB_Jalpaiguri,Jalpaiguri,396,73,321,2,0,8,-1,8,1,,
714,WB,West Bengal,WB_Jhargram,Jhargram,20,1,19,0,0,1,1,0,0,,
715,WB,West Bengal,WB_Kalimpong,Kalimpong,56,4,51,1,0,0,-3,3,0,,
716,WB,West Bengal,WB_Kolkata,Kolkata,7108,2288,4402,418,0,244,141,95,8,,
717,WB,West Bengal,WB_Malda,Malda,817,307,506,4,0,37,-4,40,1,,
719,WB,West Bengal,WB_Murshidabad,Murshidabad,276,58,214,4,0,6,-4,10,0,,
720,WB,West Bengal,WB_Nadia,Nadia,346,59,282,5,0,7,-14,21,0,,
721,WB,West Bengal,WB_North 24 Parganas,North 24 Parganas,3760,1468,2170,122,0,214,99,107,8,,
0,WB,West Bengal,WB_Other State,Other State,66,0,63,3,0,0,0,0,0,,
722,WB,West Bengal,WB_Paschim Bardhaman,Paschim Bardhaman,158,28,125,5,0,1,-3,4,0,,
718,WB,West Bengal,WB_Paschim Medinipur,Paschim Medinipur,406,56,344,6,0,11,3,8,0,,
723,WB,West Bengal,WB_Purba Bardhaman,Purba Bardhaman,186,25,159,2,0,3,-5,8,0,,
724,WB,West Bengal,WB_Purba Medinipur,Purba Medinipur,393,94,294,5,0,9,-5,14,0,,
725,WB,West Bengal,WB_Purulia,Purulia,102,15,87,0,0,3,3,0,0,,
726,WB,West Bengal,WB_South 24 Parganas,South 24 Parganas,1469,658,780,31,0,118,56,61,1,,
727,WB,West Bengal,WB_Uttar Dinajpur,Uttar Dinajpur,337,60,276,1,0,19,14,5,0,,
728,AN,Andaman and Nicobar Islands,AN_Unknown,Unknown,73,34,39,0,0,0,0,0,0,,
729,AP,Andhra Pradesh,AP_Unknown,Unknown,0,0,0,0,0,0,0,0,0,,
730,AR,Arunachal Pradesh,AR_Unknown,Unknown,0,0,0,0,0,0,0,0,0,,
731,AS,Assam,AS_Unknown,Unknown,4618,-1910,6518,7,3,0,0,0,0,,
732,BR,Bihar,BR_Unknown,Unknown,0,0,0,0,0,0,0,0,0,,
733,CH,Chandigarh,CH_Unknown,Unknown,0,0,0,0,0,0,0,0,0,,
734,CT,Chhattisgarh,CT_Unknown,Unknown,0,0,0,0,0,0,0,0,0,,
735,DN,Dadra and Nagar Haveli and Daman and Diu,DN_Unknown,Unknown,0,0,0,0,0,0,0,0,0,,
737,DL,Delhi,DL_Unknown,Unknown,98656,24251,71339,3066,0,0,0,0,0,,
738,GA,Goa,GA_Unknown,Unknown,420,0,420,0,0,0,0,0,0,,
739,GJ,Gujarat,GJ_Unknown,Unknown,0,0,0,0,0,0,0,0,0,,
740,HR,Haryana,HR_Unknown,Unknown,0,0,0,0,0,0,0,0,0,,
741,HP,Himachal Pradesh,HP_Unknown,Unknown,0,0,0,0,0,0,0,0,0,,
742,JK,Jammu and Kashmir,JK_Unknown,Unknown,0,0,0,0,0,0,0,0,0,,
743,JH,Jharkhand,JH_Unknown,Unknown,0,0,0,0,0,0,0,0,0,,
744,KA,Karnataka,KA_Unknown,Unknown,0,0,0,0,0,0,0,0,0,,
745,KL,Kerala,KL_Unknown,Unknown,0,0,0,0,0,0,0,0,0,,
746,LA,Ladakh,LA_Unknown,Unknown,0,0,0,0,0,0,0,0,0,,
747,LD,Lakshadweep,LD_Unknown,Unknown,0,0,0,0,0,0,0,0,0,,
748,MP,Madhya Pradesh,MP_Unknown,Unknown,0,-10,9,1,0,0,0,0,0,,
749,MH,Maharashtra,MH_Unknown,Unknown,0,0,0,0,0,0,0,0,0,,
750,MN,Manipur,MN_Unknown,Unknown,0,-230,230,0,0,0,0,0,0,,
751,ML,Meghalaya,ML_Unknown,Unknown,2,-10,12,0,0,0,0,0,0,,
752,MZ,Mizoram,MZ_Unknown,Unknown,0,0,0,0,0,0,0,0,0,,
753,NL,Nagaland,NL_Unknown,Unknown,0,-168,168,0,0,0,0,0,0,,
754,OR,Odisha,OR_Unknown,Unknown,0,0,0,0,0,0,0,0,0,,
755,PY,Puducherry,PY_Unknown,Unknown,0,0,0,0,0,0,0,0,0,,
756,PB,Punjab,PB_Unknown,Unknown,0,0,0,0,0,0,0,0,0,,
757,RJ,Rajasthan,RJ_Unknown,Unknown,0,0,0,0,0,0,0,0,0,,
758,SK,Sikkim,SK_Unknown,Unknown,0,-22,9,0,13,0,0,0,0,,
759,TN,Tamil Nadu,TN_Unknown,Unknown,0,0,0,0,0,0,0,0,0,,
760,TG,Telangana,TG_Unknown,Unknown,456,-11961,12152,265,0,0,0,0,0,,
761,TR,Tripura,TR_Unknown,Unknown,0,0,0,0,0,0,0,0,0,,
762,UP,Uttar Pradesh,UP_Unknown,Unknown,0,0,0,0,0,0,0,0,0,,
763,UT,Uttarakhand,UT_Unknown,Unknown,0,0,0,0,0,0,0,0,0,,
764,WB,West Bengal,WB_Unknown,Unknown,0,0,0,0,0,0,0,0,0,,